STATE,COUNTY,MONTH,DAY,HOUR,MINUTE,VE_FORMS,PERSONS,PEDS,NHS,ROAD_FNC,ROUTE,SP_JUR,HARM_EV,MAN_COLL,REL_JUNC,REL_ROAD,TRAF_FLO,NO_LANES,SP_LIMIT,ALIGNMNT,PROFILE,PAVE_TYP,SUR_COND,TRA_CONT,T_CONT_F,HIT_RUN,LGT_COND,WEATHER,C_M_ZONE,NOT_HOUR,NOT_MIN,ARR_HOUR,ARR_MIN,HOSP_HR,HOSP_MN,SCH_BUS,CF1,CF2,CF3,FATALS,DAY_WEEK,DRUNK_DR,ST_CASE,CITY,MILEPT,YEAR,TWAY_ID,RAIL,LATITUDE,LONGITUD
6,95,4,13,23,15,1,4,0,1,11,1,0,42,0,1,6,3,3,65,1,1,2,1,0,0,0,2,1,0,99,99,99,99,99,99,0,0,0,0,1,5,1,60432,4020,28,2000,I-80,0000000,88888888,888888888
6,65,4,13,17,50,1,1,0,0,4,4,0,1,0,1,4,1,2,55,2,1,2,1,0,0,0,1,1,0,99,99,99,99,99,99,0,0,0,0,1,5,0,60802,0,0,2000,CAJALCO ROAD,0000000,88888888,888888888
6,13,4,13,19,3,1,1,0,0,15,6,0,30,0,1,4,1,2,25,2,1,2,1,0,0,0,1,1,0,99,99,99,99,99,99,0,0,0,0,1,5,1,60946,2090,0,2000,MORELLO AVE,0000000,88888888,888888888
6,19,4,13,18,0,3,10,0,0,4,4,0,12,4,3,1,1,2,55,1,1,2,1,20,3,0,1,1,0,99,99,99,99,0,0,0,0,0,0,1,5,0,61374,0,0,2000,HARLAN AVE,0000000,88888888,888888888
6,65,4,13,20,11,2,5,0,0,14,6,0,12,4,2,1,2,2,45,1,1,2,1,20,3,0,3,1,0,99,99,99,99,99,99,0,20,0,0,1,5,0,61375,2650,0,2000,SUNRISE WAY,0000000,88888888,888888888